{"cameraMatrix": [[423.10774085951965, 0.0, 318.2582658008297], [0.0, 424.2289495309878, 226.29963243547274], [0.0, 0.0, 1.0]], "distCoeffs": [[-0.09385332771834402, -0.24821926072943393, 0.004238818181430769, -0.0005807473499432298, 7.834225307167297]]}